{"colsample_bytree": 0.34410162120212434, "gamma": 6, "learning_rate": 0.04081354824284887, "max_depth": 24, "min_child_weight": 2, "n_estimators": 536, "reg_alpha": 2, "reg_lambda": 4, "subsample": 0.23658746035629175}