{"colsample_bytree": 0.9600010572732964, "gamma": 7, "learning_rate": 0.05359642238568399, "max_depth": 41, "min_child_weight": 0, "n_estimators": 788, "reg_alpha": 6, "reg_lambda": 6, "subsample": 0.5958888347739022}