{"colsample_bytree": 0.9781103578851514, "gamma": 6, "learning_rate": 0.22884701673792368, "max_depth": 12, "min_child_weight": 7, "n_estimators": 334, "reg_alpha": 2, "reg_lambda": 10, "subsample": 0.304880339171519}