{"colsample_bytree": 0.12814429680893308, "gamma": 6, "learning_rate": 0.11570647126365197, "max_depth": 11, "min_child_weight": 1, "n_estimators": 932, "reg_alpha": 2, "reg_lambda": 5, "subsample": 0.3993888499574133}