{"colsample_bytree": 0.5056233778493254, "gamma": 9, "learning_rate": 0.022378158655034917, "max_depth": 29, "min_child_weight": 2, "n_estimators": 643, "reg_alpha": 5, "reg_lambda": 7, "subsample": 0.7701415655872091}