{"colsample_bytree": 0.4462624219348984, "gamma": 4, "learning_rate": 0.5120661207418703, "max_depth": 50, "min_child_weight": 1, "n_estimators": 302, "reg_alpha": 4, "reg_lambda": 9, "subsample": 0.6608540609837761}