{"colsample_bytree": 0.8329636593348277, "gamma": 9, "learning_rate": 0.048153305078586464, "max_depth": 23, "min_child_weight": 9, "n_estimators": 690, "reg_alpha": 9, "reg_lambda": 9, "subsample": 0.7458583756526707}