{"colsample_bytree": 0.8990481651558387, "gamma": 0, "learning_rate": 0.1539779256015606, "max_depth": 30, "min_child_weight": 9, "n_estimators": 640, "reg_alpha": 4, "reg_lambda": 9, "subsample": 0.3492977587299554}